Zcta5,City,Bedroom,MedianPrice,DrivingDistance,DrivingTime,TransitTime,EnglishScore,MathScore,ScienceScore
01431,"Ashby, MA",1,,54.84,99,150,,,
01431,"Ashby, MA",2,195600,54.84,99,150,,,
01431,"Ashby, MA",3,243100,54.84,99,150,,,
01431,"Ashby, MA",4,278600,54.84,99,150,,,
01431,"Ashby, MA",5,,54.84,99,150,,,
01432," Ayer, MA",1,,36.86,72,86,,,
01432," Ayer, MA",2,193200,36.86,72,86,,,
01432," Ayer, MA",3,287500,36.86,72,86,,,
01432," Ayer, MA",4,336800,36.86,72,86,,,
01432," Ayer, MA",5,,36.86,72,86,,,
01450," Groton, MA",1,,41.5,65,91,63,80,52
01450," Groton, MA",2,284400,41.5,65,91,63,80,52
01450," Groton, MA",3,385500,41.5,65,91,63,80,52
01450," Groton, MA",4,534900,41.5,65,91,63,80,52
01450," Groton, MA",5,597200,41.5,65,91,63,80,52
01460,"Littleton, MA",1,,37.58,52,93,67,83,59
01460,"Littleton, MA",2,310100,37.58,52,93,67,83,59
01460,"Littleton, MA",3,368400,37.58,52,93,67,83,59
01460,"Littleton, MA",4,510900,37.58,52,93,67,83,59
01460,"Littleton, MA",5,556500,37.58,52,93,67,83,59
01463," Pepperell, MA",1,,45.7,72,221,,,
01463," Pepperell, MA",2,204800,45.7,72,221,,,
01463," Pepperell, MA",3,285600,45.7,72,221,,,
01463," Pepperell, MA",4,357800,45.7,72,221,,,
01463," Pepperell, MA",5,388200,45.7,72,221,,,
01464," Shirley, MA",1,,42.51,79,88,,,
01464," Shirley, MA",2,190100,42.51,79,88,,,
01464," Shirley, MA",3,270900,42.51,79,88,,,
01464," Shirley, MA",4,350700,42.51,79,88,,,
01464," Shirley, MA",5,,42.51,79,88,,,
01469," Townsend, MA",1,113400,51.65,77,221,,,
01469," Townsend, MA",2,192400,51.65,77,221,,,
01469," Townsend, MA",3,237500,51.65,77,221,,,
01469," Townsend, MA",4,276000,51.65,77,221,,,
01469," Townsend, MA",5,,51.65,77,221,,,
01474," Townsend, MA",1,,54.44,83,188,,,
01474," Townsend, MA",2,203900,54.44,83,188,,,
01474," Townsend, MA",3,255900,54.44,83,188,,,
01474," Townsend, MA",4,281000,54.44,83,188,,,
01474," Townsend, MA",5,,54.44,83,188,,,
01701,"Framingham, MA",1,131800,24.32,50,131,46,66,45
01701,"Framingham, MA",2,283400,24.32,50,131,46,66,45
01701,"Framingham, MA",3,327200,24.32,50,131,46,66,45
01701,"Framingham, MA",4,428400,24.32,50,131,46,66,45
01701,"Framingham, MA",5,473000,24.32,50,131,46,66,45
01702,"Framingham, MA",1,123900,23.61,49,104,46,66,45
01702,"Framingham, MA",2,192300,23.61,49,104,46,66,45
01702,"Framingham, MA",3,296800,23.61,49,104,46,66,45
01702,"Framingham, MA",4,416400,23.61,49,104,46,66,45
01702,"Framingham, MA",5,465600,23.61,49,104,46,66,45
01718,"Acton, MA",1,,26.87,59,142,72,86,70
01718,"Acton, MA",2,,26.87,59,142,72,86,70
01718,"Acton, MA",3,,26.87,59,142,72,86,70
01718,"Acton, MA",4,,26.87,59,142,72,86,70
01718,"Acton, MA",5,,26.87,59,142,72,86,70
01719,"Boxboro, MA",1,121200,28.94,62,80,72,86,70
01719,"Boxboro, MA",2,133300,28.94,62,80,72,86,70
01719,"Boxboro, MA",3,490400,28.94,62,80,72,86,70
01719,"Boxboro, MA",4,660400,28.94,62,80,72,86,70
01719,"Boxboro, MA",5,,28.94,62,80,72,86,70
01720,"Acton, MA",1,138200,26.16,54,72,72,86,70
01720,"Acton, MA",2,236900,26.16,54,72,72,86,70
01720,"Acton, MA",3,455800,26.16,54,72,72,86,70
01720,"Acton, MA",4,603500,26.16,54,72,72,86,70
01720,"Acton, MA",5,685000,26.16,54,72,72,86,70
01721,"Ashland, MA",1,,28.83,54,116,63,79,42
01721,"Ashland, MA",2,288600,28.83,54,116,63,79,42
01721,"Ashland, MA",3,332400,28.83,54,116,63,79,42
01721,"Ashland, MA",4,512400,28.83,54,116,63,79,42
01721,"Ashland, MA",5,,28.83,54,116,63,79,42
01730,"Bedford, MA",1,,21.19,35,91,64,72,37
01730,"Bedford, MA",2,475000,21.19,35,91,64,72,37
01730,"Bedford, MA",3,550500,21.19,35,91,64,72,37
01730,"Bedford, MA",4,675100,21.19,35,91,64,72,37
01730,"Bedford, MA",5,758900,21.19,35,91,64,72,37
01741,"Carlisle, MA",1,,25.42,43,100,75,82,74
01741,"Carlisle, MA",2,,25.42,43,100,75,82,74
01741,"Carlisle, MA",3,673900,25.42,43,100,75,82,74
01741,"Carlisle, MA",4,822300,25.42,43,100,75,82,74
01741,"Carlisle, MA",5,1083300,25.42,43,100,75,82,74
01742,"Concord, MA",1,369500,20.35,46,74,75,82,74
01742,"Concord, MA",2,467100,20.35,46,74,75,82,74
01742,"Concord, MA",3,664100,20.35,46,74,75,82,74
01742,"Concord, MA",4,906700,20.35,46,74,75,82,74
01742,"Concord, MA",5,1509100,20.35,46,74,75,82,74
01746,"Holliston, MA",1,119900,29.66,64,134,61,80,40
01746,"Holliston, MA",2,313800,29.66,64,134,61,80,40
01746,"Holliston, MA",3,344200,29.66,64,134,61,80,40
01746,"Holliston, MA",4,484800,29.66,64,134,61,80,40
01746,"Holliston, MA",5,573500,29.66,64,134,61,80,40
01748," Hopkinton, MA",1,,35.05,55,129,68,80,54
01748," Hopkinton, MA",2,307100,35.05,55,129,68,80,54
01748," Hopkinton, MA",3,411300,35.05,55,129,68,80,54
01748," Hopkinton, MA",4,647200,35.05,55,129,68,80,54
01748," Hopkinton, MA",5,785000,35.05,55,129,68,80,54
01749," Hudson, MA",1,145100,30.56,62,171,52,47,17
01749," Hudson, MA",2,243200,30.56,62,171,52,47,17
01749," Hudson, MA",3,290700,30.56,62,171,52,47,17
01749," Hudson, MA",4,372100,30.56,62,171,52,47,17
01749," Hudson, MA",5,363000,30.56,62,171,52,47,17
01752,"Marlborough, MA",1,122300,31,59,203,35,56,29
01752,"Marlborough, MA",2,214500,31,59,203,35,56,29
01752,"Marlborough, MA",3,280100,31,59,203,35,56,29
01752,"Marlborough, MA",4,420100,31,59,203,35,56,29
01752,"Marlborough, MA",5,402300,31,59,203,35,56,29
01754,"Maynard, MA",1,,25.58,57,75,37,54,29
01754,"Maynard, MA",2,263800,25.58,57,75,37,54,29
01754,"Maynard, MA",3,306500,25.58,57,75,37,54,29
01754,"Maynard, MA",4,358400,25.58,57,75,37,54,29
01754,"Maynard, MA",5,,25.58,57,75,37,54,29
01760,"Natick, MA",1,167900,20.67,43,80,64,69,50
01760,"Natick, MA",2,357100,20.67,43,80,64,69,50
01760,"Natick, MA",3,446700,20.67,43,80,64,69,50
01760,"Natick, MA",4,599700,20.67,43,80,64,69,50
01760,"Natick, MA",5,720600,20.67,43,80,64,69,50
01770,"Sherborn, MA",1,,26.05,52,121,81,86,76
01770,"Sherborn, MA",2,,26.05,52,121,81,86,76
01770,"Sherborn, MA",3,651900,26.05,52,121,81,86,76
01770,"Sherborn, MA",4,843700,26.05,52,121,81,86,76
01770,"Sherborn, MA",5,1069100,26.05,52,121,81,86,76
01773,"Lincoln, MA",1,,17.85,38,53,68,80,44
01773,"Lincoln, MA",2,442300,17.85,38,53,68,80,44
01773,"Lincoln, MA",3,760200,17.85,38,53,68,80,44
01773,"Lincoln, MA",4,1120200,17.85,38,53,68,80,44
01773,"Lincoln, MA",5,1456500,17.85,38,53,68,80,44
01775,"Stow, MA",1,,30.22,65,78,,,
01775,"Stow, MA",2,360600,30.22,65,78,,,
01775,"Stow, MA",3,414200,30.22,65,78,,,
01775,"Stow, MA",4,518900,30.22,65,78,,,
01775,"Stow, MA",5,,30.22,65,78,,,
01776,"Sudbury, MA",1,,23.93,48,146,68,80,44
01776,"Sudbury, MA",2,549200,23.93,48,146,68,80,44
01776,"Sudbury, MA",3,544200,23.93,48,146,68,80,44
01776,"Sudbury, MA",4,794600,23.93,48,146,68,80,44
01776,"Sudbury, MA",5,942000,23.93,48,146,68,80,44
01778,"Wayland, MA",1,,20.25,41,110,67,81,54
01778,"Wayland, MA",2,524200,20.25,41,110,67,81,54
01778,"Wayland, MA",3,592200,20.25,41,110,67,81,54
01778,"Wayland, MA",4,760100,20.25,41,110,67,81,54
01778,"Wayland, MA",5,1089200,20.25,41,110,67,81,54
01801,"Woburn, MA",1,161500,13.94,22,44,39,45,24
01801,"Woburn, MA",2,320700,13.94,22,44,39,45,24
01801,"Woburn, MA",3,374300,13.94,22,44,39,45,24
01801,"Woburn, MA",4,441200,13.94,22,44,39,45,24
01801,"Woburn, MA",5,473000,13.94,22,44,39,45,24
01803,"Burlington, MA",1,189200,16.09,25,86,51,59,28
01803,"Burlington, MA",2,399300,16.09,25,86,51,59,28
01803,"Burlington, MA",3,425700,16.09,25,86,51,59,28
01803,"Burlington, MA",4,523300,16.09,25,86,51,59,28
01803,"Burlington, MA",5,574200,16.09,25,86,51,59,28
01810," Andover, MA",1,157600,22.6,32,76,63,77,40
01810," Andover, MA",2,327000,22.6,32,76,63,77,40
01810," Andover, MA",3,496200,22.6,32,76,63,77,40
01810," Andover, MA",4,681500,22.6,32,76,63,77,40
01810," Andover, MA",5,822400,22.6,32,76,63,77,40
01821,"Billerica, MA",1,131400,20.14,37,92,52,66,51
01821,"Billerica, MA",2,288300,20.14,37,92,52,66,51
01821,"Billerica, MA",3,354100,20.14,37,92,52,66,51
01821,"Billerica, MA",4,396000,20.14,37,92,52,66,51
01821,"Billerica, MA",5,416900,20.14,37,92,52,66,51
01824,"Chelmsford, MA",1,,29.95,44,110,68,78,44
01824,"Chelmsford, MA",2,229200,29.95,44,110,68,78,44
01824,"Chelmsford, MA",3,333500,29.95,44,110,68,78,44
01824,"Chelmsford, MA",4,419800,29.95,44,110,68,78,44
01824,"Chelmsford, MA",5,448500,29.95,44,110,68,78,44
01826,"Dracut, MA",1,116100,31.97,48,97,47,51,31
01826,"Dracut, MA",2,182100,31.97,48,97,47,51,31
01826,"Dracut, MA",3,277200,31.97,48,97,47,51,31
01826,"Dracut, MA",4,341600,31.97,48,97,47,51,31
01826,"Dracut, MA",5,363400,31.97,48,97,47,51,31
01827,"Dunstable, MA",1,,39.63,58,221,63,80,52
01827,"Dunstable, MA",2,,39.63,58,221,63,80,52
01827,"Dunstable, MA",3,394800,39.63,58,221,63,80,52
01827,"Dunstable, MA",4,484900,39.63,58,221,63,80,52
01827,"Dunstable, MA",5,,39.63,58,221,63,80,52
01830,"Haverhill, MA",1,113600,38.47,46,172,29,37,23
01830,"Haverhill, MA",2,222500,38.47,46,172,29,37,23
01830,"Haverhill, MA",3,269500,38.47,46,172,29,37,23
01830,"Haverhill, MA",4,305200,38.47,46,172,29,37,23
01830,"Haverhill, MA",5,348800,38.47,46,172,29,37,23
01832,"Haverhill, MA",1,126000,35.2,44,157,29,37,23
01832,"Haverhill, MA",2,187500,35.2,44,157,29,37,23
01832,"Haverhill, MA",3,272200,35.2,44,157,29,37,23
01832,"Haverhill, MA",4,341400,35.2,44,157,29,37,23
01832,"Haverhill, MA",5,,35.2,44,157,29,37,23
01833,"Georgetown, MA",1,,29.28,43,92,59,67,32
01833,"Georgetown, MA",2,344400,29.28,43,92,59,67,32
01833,"Georgetown, MA",3,408700,29.28,43,92,59,67,32
01833,"Georgetown, MA",4,555200,29.28,43,92,59,67,32
01833,"Georgetown, MA",5,,29.28,43,92,59,67,32
01834,"Groveland, MA",1,,32.55,50,146,,,
01834,"Groveland, MA",2,318100,32.55,50,146,,,
01834,"Groveland, MA",3,371200,32.55,50,146,,,
01834,"Groveland, MA",4,451900,32.55,50,146,,,
01834,"Groveland, MA",5,,32.55,50,146,,,
01835,"Haverhill, MA",1,,36.13,47,132,29,37,23
01835,"Haverhill, MA",2,186300,36.13,47,132,29,37,23
01835,"Haverhill, MA",3,272300,36.13,47,132,29,37,23
01835,"Haverhill, MA",4,339000,36.13,47,132,29,37,23
01835,"Haverhill, MA",5,,36.13,47,132,29,37,23
01840,"Lawrence, MA",1,,29.55,38,138,8,18,2
01840,"Lawrence, MA",2,,29.55,38,138,8,18,2
01840,"Lawrence, MA",3,,29.55,38,138,8,18,2
01840,"Lawrence, MA",4,,29.55,38,138,8,18,2
01840,"Lawrence, MA",5,,29.55,38,138,8,18,2
01841,"Lawrence, MA",1,,28.69,40,146,8,18,2
01841,"Lawrence, MA",2,153800,28.69,40,146,8,18,2
01841,"Lawrence, MA",3,200300,28.69,40,146,8,18,2
01841,"Lawrence, MA",4,221800,28.69,40,146,8,18,2
01841,"Lawrence, MA",5,,28.69,40,146,8,18,2
01843,"Lawrence, MA",1,,26.81,33,102,8,18,2
01843,"Lawrence, MA",2,206000,26.81,33,102,8,18,2
01843,"Lawrence, MA",3,233100,26.81,33,102,8,18,2
01843,"Lawrence, MA",4,242900,26.81,33,102,8,18,2
01843,"Lawrence, MA",5,,26.81,33,102,8,18,2
01844,"Methuen, MA",1,151600,29.1,34,148,23,35,20
01844,"Methuen, MA",2,221000,29.1,34,148,23,35,20
01844,"Methuen, MA",3,284800,29.1,34,148,23,35,20
01844,"Methuen, MA",4,338300,29.1,34,148,23,35,20
01844,"Methuen, MA",5,343200,29.1,34,148,23,35,20
01845,"North Andover, MA",1,157900,27.63,42,139,49,56,40
01845,"North Andover, MA",2,254200,27.63,42,139,49,56,40
01845,"North Andover, MA",3,385900,27.63,42,139,49,56,40
01845,"North Andover, MA",4,584500,27.63,42,139,49,56,40
01845,"North Andover, MA",5,682300,27.63,42,139,49,56,40
01850,"Lowell, MA",1,,30.55,45,86,21,41,15
01850,"Lowell, MA",2,147400,30.55,45,86,21,41,15
01850,"Lowell, MA",3,205100,30.55,45,86,21,41,15
01850,"Lowell, MA",4,233000,30.55,45,86,21,41,15
01850,"Lowell, MA",5,,30.55,45,86,21,41,15
01851,"Lowell, MA",1,,29.76,44,83,21,41,15
01851,"Lowell, MA",2,179400,29.76,44,83,21,41,15
01851,"Lowell, MA",3,239200,29.76,44,83,21,41,15
01851,"Lowell, MA",4,256600,29.76,44,83,21,41,15
01851,"Lowell, MA",5,268900,29.76,44,83,21,41,15
01852,"Lowell, MA",1,161800,29.36,41,80,21,41,15
01852,"Lowell, MA",2,185300,29.36,41,80,21,41,15
01852,"Lowell, MA",3,258500,29.36,41,80,21,41,15
01852,"Lowell, MA",4,303000,29.36,41,80,21,41,15
01852,"Lowell, MA",5,390100,29.36,41,80,21,41,15
01854,"Lowell, MA",1,118100,32.36,51,98,21,41,15
01854,"Lowell, MA",2,154700,32.36,51,98,21,41,15
01854,"Lowell, MA",3,258800,32.36,51,98,21,41,15
01854,"Lowell, MA",4,256500,32.36,51,98,21,41,15
01854,"Lowell, MA",5,284100,32.36,51,98,21,41,15
01860,"Merrimac, MA",1,,42.58,51,152,,,
01860,"Merrimac, MA",2,266200,42.58,51,152,,,
01860,"Merrimac, MA",3,352300,42.58,51,152,,,
01860,"Merrimac, MA",4,423100,42.58,51,152,,,
01860,"Merrimac, MA",5,,42.58,51,152,,,
01862,"Billerica, MA",1,,25.56,37,129,52,66,51
01862,"Billerica, MA",2,309900,25.56,37,129,52,66,51
01862,"Billerica, MA",3,352500,25.56,37,129,52,66,51
01862,"Billerica, MA",4,406500,25.56,37,129,52,66,51
01862,"Billerica, MA",5,,25.56,37,129,52,66,51
01863,"North Chelmsford, MA",1,,33.39,49,143,24,35,18
01863,"North Chelmsford, MA",2,215600,33.39,49,143,24,35,18
01863,"North Chelmsford, MA",3,309300,33.39,49,143,24,35,18
01863,"North Chelmsford, MA",4,353100,33.39,49,143,24,35,18
01863,"North Chelmsford, MA",5,,33.39,49,143,24,35,18
01864,"North Reading, MA",1,162700,18.94,31,71,57,63,49
01864,"North Reading, MA",2,339900,18.94,31,71,57,63,49
01864,"North Reading, MA",3,440100,18.94,31,71,57,63,49
01864,"North Reading, MA",4,677500,18.94,31,71,57,63,49
01864,"North Reading, MA",5,699200,18.94,31,71,57,63,49
01867,"Reading, MA",1,192000,14.39,24,92,47,61,38
01867,"Reading, MA",2,385700,14.39,24,92,47,61,38
01867,"Reading, MA",3,470400,14.39,24,92,47,61,38
01867,"Reading, MA",4,602000,14.39,24,92,47,61,38
01867,"Reading, MA",5,651000,14.39,24,92,47,61,38
01876,"Tewksbury, MA",1,,23.24,33,130,43,65,30
01876,"Tewksbury, MA",2,256400,23.24,33,130,43,65,30
01876,"Tewksbury, MA",3,331400,23.24,33,130,43,65,30
01876,"Tewksbury, MA",4,402000,23.24,33,130,43,65,30
01876,"Tewksbury, MA",5,443000,23.24,33,130,43,65,30
01879,"Tyngsboro, MA",1,201200,35.27,50,133,41,55,44
01879,"Tyngsboro, MA",2,225500,35.27,50,133,41,55,44
01879,"Tyngsboro, MA",3,348000,35.27,50,133,41,55,44
01879,"Tyngsboro, MA",4,413900,35.27,50,133,41,55,44
01879,"Tyngsboro, MA",5,,35.27,50,133,41,55,44
01880,"Wakefield, MA",1,197900,15.48,30,54,46,64,39
01880,"Wakefield, MA",2,351100,15.48,30,54,46,64,39
01880,"Wakefield, MA",3,433600,15.48,30,54,46,64,39
01880,"Wakefield, MA",4,533500,15.48,30,54,46,64,39
01880,"Wakefield, MA",5,585200,15.48,30,54,46,64,39
01886,"Westford, MA",1,261200,35.67,52,136,75,84,65
01886,"Westford, MA",2,318200,35.67,52,136,75,84,65
01886,"Westford, MA",3,404200,35.67,52,136,75,84,65
01886,"Westford, MA",4,596600,35.67,52,136,75,84,65
01886,"Westford, MA",5,627900,35.67,52,136,75,84,65
01887,"Wilmington, MA",1,,16.65,25,173,56,65,30
01887,"Wilmington, MA",2,323700,16.65,25,173,56,65,30
01887,"Wilmington, MA",3,381800,16.65,25,173,56,65,30
01887,"Wilmington, MA",4,496300,16.65,25,173,56,65,30
01887,"Wilmington, MA",5,525400,16.65,25,173,56,65,30
01890,"Winchester, MA",1,167700,8.35,21,70,79,86,70
01890,"Winchester, MA",2,525700,8.35,21,70,79,86,70
01890,"Winchester, MA",3,760500,8.35,21,70,79,86,70
01890,"Winchester, MA",4,1020800,8.35,21,70,79,86,70
01890,"Winchester, MA",5,1368000,8.35,21,70,79,86,70
01901,"Lynn, MA",1,,10.15,31,43,23,31,9
01901,"Lynn, MA",2,,10.15,31,43,23,31,9
01901,"Lynn, MA",3,,10.15,31,43,23,31,9
01901,"Lynn, MA",4,,10.15,31,43,23,31,9
01901,"Lynn, MA",5,,10.15,31,43,23,31,9
01902,"Lynn, MA",1,141300,13.71,39,70,23,31,9
01902,"Lynn, MA",2,210600,13.71,39,70,23,31,9
01902,"Lynn, MA",3,253400,13.71,39,70,23,31,9
01902,"Lynn, MA",4,272400,13.71,39,70,23,31,9
01902,"Lynn, MA",5,340600,13.71,39,70,23,31,9
01904,"Lynn, MA",1,215100,14.54,43,95,23,31,9
01904,"Lynn, MA",2,273800,14.54,43,95,23,31,9
01904,"Lynn, MA",3,294000,14.54,43,95,23,31,9
01904,"Lynn, MA",4,329400,14.54,43,95,23,31,9
01904,"Lynn, MA",5,,14.54,43,95,23,31,9
01905,"Lynn, MA",1,140400,14.13,27,51,23,31,9
01905,"Lynn, MA",2,229900,14.13,27,51,23,31,9
01905,"Lynn, MA",3,258100,14.13,27,51,23,31,9
01905,"Lynn, MA",4,274600,14.13,27,51,23,31,9
01905,"Lynn, MA",5,,14.13,27,51,23,31,9
01906,"Saugus, MA",1,229900,10.92,21,45,37,39,26
01906,"Saugus, MA",2,314400,10.92,21,45,37,39,26
01906,"Saugus, MA",3,349900,10.92,21,45,37,39,26
01906,"Saugus, MA",4,402400,10.92,21,45,37,39,26
01906,"Saugus, MA",5,435400,10.92,21,45,37,39,26
01907,"Swampscott, MA",1,182600,12.94,42,76,54,61,40
01907,"Swampscott, MA",2,243200,12.94,42,76,54,61,40
01907,"Swampscott, MA",3,415400,12.94,42,76,54,61,40
01907,"Swampscott, MA",4,521200,12.94,42,76,54,61,40
01907,"Swampscott, MA",5,801500,12.94,42,76,54,61,40
01908,"Nahant, MA",1,,13.13,38,69,,,
01908,"Nahant, MA",2,434700,13.13,38,69,,,
01908,"Nahant, MA",3,534400,13.13,38,69,,,
01908,"Nahant, MA",4,646900,13.13,38,69,,,
01908,"Nahant, MA",5,,13.13,38,69,,,
01913," Amesbury, MA",1,144800,45.42,53,146,56,60,39
01913," Amesbury, MA",2,252100,45.42,53,146,56,60,39
01913," Amesbury, MA",3,326200,45.42,53,146,56,60,39
01913," Amesbury, MA",4,411200,45.42,53,146,56,60,39
01913," Amesbury, MA",5,442700,45.42,53,146,56,60,39
01915,"Beverly, MA",1,195300,28.67,41,64,44,53,39
01915,"Beverly, MA",2,315000,28.67,41,64,44,53,39
01915,"Beverly, MA",3,382000,28.67,41,64,44,53,39
01915,"Beverly, MA",4,481300,28.67,41,64,44,53,39
01915,"Beverly, MA",5,701700,28.67,41,64,44,53,39
01921," Boxford, MA",1,,27.02,43,147,28,44,23
01921," Boxford, MA",2,396200,27.02,43,147,28,44,23
01921," Boxford, MA",3,515600,27.02,43,147,28,44,23
01921," Boxford, MA",4,640700,27.02,43,147,28,44,23
01921," Boxford, MA",5,808200,27.02,43,147,28,44,23
01922,"Newbury, MA",1,,33.1,45,91,,,
01922,"Newbury, MA",2,463900,33.1,45,91,,,
01922,"Newbury, MA",3,431600,33.1,45,91,,,
01922,"Newbury, MA",4,546200,33.1,45,91,,,
01922,"Newbury, MA",5,,33.1,45,91,,,
01923,"Danvers, MA",1,163400,20.34,32,136,46,61,31
01923,"Danvers, MA",2,313800,20.34,32,136,46,61,31
01923,"Danvers, MA",3,376100,20.34,32,136,46,61,31
01923,"Danvers, MA",4,457600,20.34,32,136,46,61,31
01923,"Danvers, MA",5,517900,20.34,32,136,46,61,31
01929," Essex, MA",1,,36.74,51,165,,,
01929," Essex, MA",2,393800,36.74,51,165,,,
01929," Essex, MA",3,468000,36.74,51,165,,,
01929," Essex, MA",4,640900,36.74,51,165,,,
01929," Essex, MA",5,,36.74,51,165,,,
01930,"Gloucester, MA",1,246000,37.87,49,96,34,47,25
01930,"Gloucester, MA",2,328300,37.87,49,96,34,47,25
01930,"Gloucester, MA",3,412200,37.87,49,96,34,47,25
01930,"Gloucester, MA",4,555100,37.87,49,96,34,47,25
01930,"Gloucester, MA",5,982900,37.87,49,96,34,47,25
01938," Ipswich, MA",1,330200,29.56,50,77,56,58,23
01938," Ipswich, MA",2,368700,29.56,50,77,56,58,23
01938," Ipswich, MA",3,464400,29.56,50,77,56,58,23
01938," Ipswich, MA",4,571400,29.56,50,77,56,58,23
01938," Ipswich, MA",5,714700,29.56,50,77,56,58,23
01940,"Lynnfield, MA",1,,17.03,26,65,73,66,42
01940,"Lynnfield, MA",2,436500,17.03,26,65,73,66,42
01940,"Lynnfield, MA",3,533000,17.03,26,65,73,66,42
01940,"Lynnfield, MA",4,695100,17.03,26,65,73,66,42
01940,"Lynnfield, MA",5,780800,17.03,26,65,73,66,42
01944,"Manchester, MA",1,,34.05,46,83,80,85,56
01944,"Manchester, MA",2,440700,34.05,46,83,80,85,56
01944,"Manchester, MA",3,621600,34.05,46,83,80,85,56
01944,"Manchester, MA",4,847500,34.05,46,83,80,85,56
01944,"Manchester, MA",5,1696200,34.05,46,83,80,85,56
01945,"Marblehead, MA",1,258100,15.87,52,108,63,70,49
01945,"Marblehead, MA",2,427300,15.87,52,108,63,70,49
01945,"Marblehead, MA",3,545600,15.87,52,108,63,70,49
01945,"Marblehead, MA",4,694000,15.87,52,108,63,70,49
01945,"Marblehead, MA",5,1000500,15.87,52,108,63,70,49
01949,"Middleton, MA",1,244100,21.63,40,144,,,
01949,"Middleton, MA",2,374000,21.63,40,144,,,
01949,"Middleton, MA",3,451600,21.63,40,144,,,
01949,"Middleton, MA",4,672600,21.63,40,144,,,
01949,"Middleton, MA",5,,21.63,40,144,,,
01950,"Newburyport, MA",1,221200,37.02,52,107,59,72,33
01950,"Newburyport, MA",2,356300,37.02,52,107,59,72,33
01950,"Newburyport, MA",3,470800,37.02,52,107,59,72,33
01950,"Newburyport, MA",4,612500,37.02,52,107,59,72,33
01950,"Newburyport, MA",5,721500,37.02,52,107,59,72,33
01951,"Newbury, MA",1,,37.77,59,89,,,
01951,"Newbury, MA",2,414300,37.77,59,89,,,
01951,"Newbury, MA",3,492700,37.77,59,89,,,
01951,"Newbury, MA",4,585000,37.77,59,89,,,
01951,"Newbury, MA",5,,37.77,59,89,,,
01952," Salisbury, MA",1,216200,40.87,54,140,,,
01952," Salisbury, MA",2,293000,40.87,54,140,,,
01952," Salisbury, MA",3,346400,40.87,54,140,,,
01952," Salisbury, MA",4,404400,40.87,54,140,,,
01952," Salisbury, MA",5,480700,40.87,54,140,,,
01960,"Peabody, MA",1,218900,17.51,33,128,23,43,21
01960,"Peabody, MA",2,277900,17.51,33,128,23,43,21
01960,"Peabody, MA",3,353100,17.51,33,128,23,43,21
01960,"Peabody, MA",4,406800,17.51,33,128,23,43,21
01960,"Peabody, MA",5,451700,17.51,33,128,23,43,21
01966,"Rockport, MA",1,267700,43.3,61,109,44,64,29
01966,"Rockport, MA",2,385300,43.3,61,109,44,64,29
01966,"Rockport, MA",3,469000,43.3,61,109,44,64,29
01966,"Rockport, MA",4,596900,43.3,61,109,44,64,29
01966,"Rockport, MA",5,916100,43.3,61,109,44,64,29
01969," Rowley, MA",1,,33.46,52,80,,,
01969," Rowley, MA",2,336600,33.46,52,80,,,
01969," Rowley, MA",3,428500,33.46,52,80,,,
01969," Rowley, MA",4,562000,33.46,52,80,,,
01969," Rowley, MA",5,,33.46,52,80,,,
01970,"Salem, MA",1,187100,16.39,48,50,24,29,20
01970,"Salem, MA",2,281200,16.39,48,50,24,29,20
01970,"Salem, MA",3,337200,16.39,48,50,24,29,20
01970,"Salem, MA",4,362600,16.39,48,50,24,29,20
01970,"Salem, MA",5,404900,16.39,48,50,24,29,20
01982,"Hamilton, MA",1,,31.21,51,66,71,74,31
01982,"Hamilton, MA",2,340000,31.21,51,66,71,74,31
01982,"Hamilton, MA",3,431100,31.21,51,66,71,74,31
01982,"Hamilton, MA",4,587100,31.21,51,66,71,74,31
01982,"Hamilton, MA",5,986400,31.21,51,66,71,74,31
01983," Topsfield, MA",1,,22.82,35,73,,,
01983," Topsfield, MA",2,387100,22.82,35,73,,,
01983," Topsfield, MA",3,458400,22.82,35,73,,,
01983," Topsfield, MA",4,572400,22.82,35,73,,,
01983," Topsfield, MA",5,728900,22.82,35,73,,,
01984,"Wenham, MA",1,,28.66,46,81,71,74,31
01984,"Wenham, MA",2,399000,28.66,46,81,71,74,31
01984,"Wenham, MA",3,490200,28.66,46,81,71,74,31
01984,"Wenham, MA",4,661700,28.66,46,81,71,74,31
01984,"Wenham, MA",5,846400,28.66,46,81,71,74,31
01985,"West Newbury, MA",1,,36.33,51,146,,,
01985,"West Newbury, MA",2,412500,36.33,51,146,,,
01985,"West Newbury, MA",3,467200,36.33,51,146,,,
01985,"West Newbury, MA",4,603000,36.33,51,146,,,
01985,"West Newbury, MA",5,,36.33,51,146,,,
02019," Bellingham, MA",1,,46.32,69,137,31,55,24
02019," Bellingham, MA",2,225900,46.32,69,137,31,55,24
02019," Bellingham, MA",3,262900,46.32,69,137,31,55,24
02019," Bellingham, MA",4,366200,46.32,69,137,31,55,24
02019," Bellingham, MA",5,,46.32,69,137,31,55,24
02020," Marshfield, MA",1,,36.72,55,160,52,55,27
02020," Marshfield, MA",2,,36.72,55,160,52,55,27
02020," Marshfield, MA",3,,36.72,55,160,52,55,27
02020," Marshfield, MA",4,,36.72,55,160,52,55,27
02020," Marshfield, MA",5,,36.72,55,160,52,55,27
02021,"Canton, MA",1,150200,19.17,36,99,53,61,52
02021,"Canton, MA",2,293600,19.17,36,99,53,61,52
02021,"Canton, MA",3,424500,19.17,36,99,53,61,52
02021,"Canton, MA",4,595800,19.17,36,99,53,61,52
02021,"Canton, MA",5,741900,19.17,36,99,53,61,52
02025,"Cohasset, MA",1,470900,26.77,52,90,75,88,44
02025,"Cohasset, MA",2,524300,26.77,52,90,75,88,44
02025,"Cohasset, MA",3,588500,26.77,52,90,75,88,44
02025,"Cohasset, MA",4,786900,26.77,52,90,75,88,44
02025,"Cohasset, MA",5,1035600,26.77,52,90,75,88,44
02026,"Dedham, MA",1,219300,22.5,40,74,38,73,50
02026,"Dedham, MA",2,318000,22.5,40,74,38,73,50
02026,"Dedham, MA",3,378900,22.5,40,74,38,73,50
02026,"Dedham, MA",4,492600,22.5,40,74,38,73,50
02026,"Dedham, MA",5,782800,22.5,40,74,38,73,50
02030," Dover, MA",1,,28.09,51,94,81,86,76
02030," Dover, MA",2,515000,28.09,51,94,81,86,76
02030," Dover, MA",3,737500,28.09,51,94,81,86,76
02030," Dover, MA",4,993600,28.09,51,94,81,86,76
02030," Dover, MA",5,1539900,28.09,51,94,81,86,76
02032,"East Walpole, MA",1,,24.54,42,113,54,59,48
02032,"East Walpole, MA",2,322400,24.54,42,113,54,59,48
02032,"East Walpole, MA",3,360200,24.54,42,113,54,59,48
02032,"East Walpole, MA",4,603800,24.54,42,113,54,59,48
02032,"East Walpole, MA",5,,24.54,42,113,54,59,48
02035," Foxborough, MA",1,,33.26,50,76,47,61,43
02035," Foxborough, MA",2,326500,33.26,50,76,47,61,43
02035," Foxborough, MA",3,351500,33.26,50,76,47,61,43
02035," Foxborough, MA",4,509000,33.26,50,76,47,61,43
02035," Foxborough, MA",5,591200,33.26,50,76,47,61,43
02038,"Franklin, MA",1,138700,44.42,61,102,61,77,54
02038,"Franklin, MA",2,262400,44.42,61,102,61,77,54
02038,"Franklin, MA",3,327700,44.42,61,102,61,77,54
02038,"Franklin, MA",4,486100,44.42,61,102,61,77,54
02038,"Franklin, MA",5,514400,44.42,61,102,61,77,54
02043," Hingham, MA",1,161500,21.75,41,102,70,70,43
02043," Hingham, MA",2,399600,21.75,41,102,70,70,43
02043," Hingham, MA",3,595500,21.75,41,102,70,70,43
02043," Hingham, MA",4,817300,21.75,41,102,70,70,43
02043," Hingham, MA",5,1203800,21.75,41,102,70,70,43
02045,"Hull, MA",1,219100,20.01,54,108,34,51,30
02045,"Hull, MA",2,297800,20.01,54,108,34,51,30
02045,"Hull, MA",3,374000,20.01,54,108,34,51,30
02045,"Hull, MA",4,415300,20.01,54,108,34,51,30
02045,"Hull, MA",5,571600,20.01,54,108,34,51,30
02050," Marshfield, MA",1,,30.18,47,221,52,55,27
02050," Marshfield, MA",2,288300,30.18,47,221,52,55,27
02050," Marshfield, MA",3,376600,30.18,47,221,52,55,27
02050," Marshfield, MA",4,488600,30.18,47,221,52,55,27
02050," Marshfield, MA",5,566200,30.18,47,221,52,55,27
02051," Marshfield, MA",1,,30.68,49,93,52,55,27
02051," Marshfield, MA",2,,30.68,49,93,52,55,27
02051," Marshfield, MA",3,,30.68,49,93,52,55,27
02051," Marshfield, MA",4,,30.68,49,93,52,55,27
02051," Marshfield, MA",5,,30.68,49,93,52,55,27
02052," Medfield, MA",1,,29.71,56,132,68,81,58
02052," Medfield, MA",2,388300,29.71,56,132,68,81,58
02052," Medfield, MA",3,470000,29.71,56,132,68,81,58
02052," Medfield, MA",4,656300,29.71,56,132,68,81,58
02052," Medfield, MA",5,813000,29.71,56,132,68,81,58
02053,"Medway, MA",1,,31.95,66,119,59,66,33
02053,"Medway, MA",2,286400,31.95,66,119,59,66,33
02053,"Medway, MA",3,319500,31.95,66,119,59,66,33
02053,"Medway, MA",4,464600,31.95,66,119,59,66,33
02053,"Medway, MA",5,532100,31.95,66,119,59,66,33
02054,"Millis, MA",1,,32.88,65,130,52,54,19
02054,"Millis, MA",2,230300,32.88,65,130,52,54,19
02054,"Millis, MA",3,332100,32.88,65,130,52,54,19
02054,"Millis, MA",4,467500,32.88,65,130,52,54,19
02054,"Millis, MA",5,,32.88,65,130,52,54,19
02056,"Norfolk, MA",1,,32.4,60,82,,,
02056,"Norfolk, MA",2,371300,32.4,60,82,,,
02056,"Norfolk, MA",3,396000,32.4,60,82,,,
02056,"Norfolk, MA",4,521600,32.4,60,82,,,
02056,"Norfolk, MA",5,696500,32.4,60,82,,,
02059," Marshfield, MA",1,,36,55,94,52,55,27
02059," Marshfield, MA",2,,36,55,94,52,55,27
02059," Marshfield, MA",3,,36,55,94,52,55,27
02059," Marshfield, MA",4,,36,55,94,52,55,27
02059," Marshfield, MA",5,,36,55,94,52,55,27
02061,"Norwell, MA",1,,24.81,42,68,72,77,48
02061,"Norwell, MA",2,431400,24.81,42,68,72,77,48
02061,"Norwell, MA",3,495600,24.81,42,68,72,77,48
02061,"Norwell, MA",4,712800,24.81,42,68,72,77,48
02061,"Norwell, MA",5,1161700,24.81,42,68,72,77,48
02062,"Norwood, MA",1,163700,23.61,43,98,43,58,34
02062,"Norwood, MA",2,298000,23.61,43,98,43,58,34
02062,"Norwood, MA",3,371100,23.61,43,98,43,58,34
02062,"Norwood, MA",4,443600,23.61,43,98,43,58,34
02062,"Norwood, MA",5,486300,23.61,43,98,43,58,34
02066," Scituate, MA",1,317800,29.97,54,114,64,73,37
02066," Scituate, MA",2,424100,29.97,54,114,64,73,37
02066," Scituate, MA",3,462000,29.97,54,114,64,73,37
02066," Scituate, MA",4,574600,29.97,54,114,64,73,37
02066," Scituate, MA",5,771000,29.97,54,114,64,73,37
02067," Sharon, MA",1,,26.83,50,74,65,77,55
02067," Sharon, MA",2,348800,26.83,50,74,65,77,55
02067," Sharon, MA",3,399500,26.83,50,74,65,77,55
02067," Sharon, MA",4,597500,26.83,50,74,65,77,55
02067," Sharon, MA",5,712600,26.83,50,74,65,77,55
02071," Walpole, MA",1,,28.51,48,112,54,59,48
02071," Walpole, MA",2,,28.51,48,112,54,59,48
02071," Walpole, MA",3,,28.51,48,112,54,59,48
02071," Walpole, MA",4,,28.51,48,112,54,59,48
02071," Walpole, MA",5,,28.51,48,112,54,59,48
02072,"Stoughton, MA",1,,21.72,42,64,43,51,39
02072,"Stoughton, MA",2,224200,21.72,42,64,43,51,39
02072,"Stoughton, MA",3,301300,21.72,42,64,43,51,39
02072,"Stoughton, MA",4,406400,21.72,42,64,43,51,39
02072,"Stoughton, MA",5,432200,21.72,42,64,43,51,39
02081," Walpole, MA",1,,28.1,50,105,54,59,48
02081," Walpole, MA",2,296400,28.1,50,105,54,59,48
02081," Walpole, MA",3,376200,28.1,50,105,54,59,48
02081," Walpole, MA",4,529100,28.1,50,105,54,59,48
02081," Walpole, MA",5,623100,28.1,50,105,54,59,48
02090,"Westwood, MA",1,,24.73,44,107,72,78,57
02090,"Westwood, MA",2,430000,24.73,44,107,72,78,57
02090,"Westwood, MA",3,519600,24.73,44,107,72,78,57
02090,"Westwood, MA",4,704300,24.73,44,107,72,78,57
02090,"Westwood, MA",5,1022500,24.73,44,107,72,78,57
02093,"Wrentham, MA",1,,39.41,57,138,,,
02093,"Wrentham, MA",2,275300,39.41,57,138,,,
02093,"Wrentham, MA",3,371300,39.41,57,138,,,
02093,"Wrentham, MA",4,522700,39.41,57,138,,,
02093,"Wrentham, MA",5,624300,39.41,57,138,,,
02108,"Boston, MA",1,656900,1.01,6,22,22,40,14
02108,"Boston, MA",2,1411700,1.01,6,22,22,40,14
02108,"Boston, MA",3,2898500,1.01,6,22,22,40,14
02108,"Boston, MA",4,,1.01,6,22,22,40,14
02108,"Boston, MA",5,,1.01,6,22,22,40,14
02109,"Boston, MA",1,501700,0,0,1,22,40,14
02109,"Boston, MA",2,859900,0,0,1,22,40,14
02109,"Boston, MA",3,,0,0,1,22,40,14
02109,"Boston, MA",4,,0,0,1,22,40,14
02109,"Boston, MA",5,,0,0,1,22,40,14
02110,"Boston, MA",1,693000,1.04,6,11,22,40,14
02110,"Boston, MA",2,1291400,1.04,6,11,22,40,14
02110,"Boston, MA",3,,1.04,6,11,22,40,14
02110,"Boston, MA",4,,1.04,6,11,22,40,14
02110,"Boston, MA",5,,1.04,6,11,22,40,14
02111,"Boston, MA",1,614300,4.27,14,22,22,40,14
02111,"Boston, MA",2,1128100,4.27,14,22,22,40,14
02111,"Boston, MA",3,3241200,4.27,14,22,22,40,14
02111,"Boston, MA",4,,4.27,14,22,22,40,14
02111,"Boston, MA",5,,4.27,14,22,22,40,14
02113,"Boston, MA",1,401600,.89,6,9,22,40,14
02113,"Boston, MA",2,566000,.89,6,9,22,40,14
02113,"Boston, MA",3,,.89,6,9,22,40,14
02113,"Boston, MA",4,,.89,6,9,22,40,14
02113,"Boston, MA",5,,.89,6,9,22,40,14
02114,"Boston, MA",1,494600,1.39,5,20,22,40,14
02114,"Boston, MA",2,750100,1.39,5,20,22,40,14
02114,"Boston, MA",3,1568700,1.39,5,20,22,40,14
02114,"Boston, MA",4,,1.39,5,20,22,40,14
02114,"Boston, MA",5,,1.39,5,20,22,40,14
02115,"Boston, MA",1,486100,3.72,12,29,22,40,14
02115,"Boston, MA",2,775100,3.72,12,29,22,40,14
02115,"Boston, MA",3,1677400,3.72,12,29,22,40,14
02115,"Boston, MA",4,,3.72,12,29,22,40,14
02115,"Boston, MA",5,,3.72,12,29,22,40,14
02116,"Boston, MA",1,578000,2.51,11,27,22,40,14
02116,"Boston, MA",2,1259400,2.51,11,27,22,40,14
02116,"Boston, MA",3,2389200,2.51,11,27,22,40,14
02116,"Boston, MA",4,3358500,2.51,11,27,22,40,14
02116,"Boston, MA",5,,2.51,11,27,22,40,14
02118,"Boston, MA",1,563500,3.05,12,39,22,40,14
02118,"Boston, MA",2,750100,3.05,12,39,22,40,14
02118,"Boston, MA",3,1378600,3.05,12,39,22,40,14
02118,"Boston, MA",4,,3.05,12,39,22,40,14
02118,"Boston, MA",5,,3.05,12,39,22,40,14
02119,"Boston, MA",1,293800,4.42,19,45,22,40,14
02119,"Boston, MA",2,350500,4.42,19,45,22,40,14
02119,"Boston, MA",3,,4.42,19,45,22,40,14
02119,"Boston, MA",4,,4.42,19,45,22,40,14
02119,"Boston, MA",5,,4.42,19,45,22,40,14
02120,"Boston, MA",1,,4.29,16,30,22,40,14
02120,"Boston, MA",2,402100,4.29,16,30,22,40,14
02120,"Boston, MA",3,449300,4.29,16,30,22,40,14
02120,"Boston, MA",4,,4.29,16,30,22,40,14
02120,"Boston, MA",5,,4.29,16,30,22,40,14
02121,"Boston, MA",1,,6.78,27,51,22,40,14
02121,"Boston, MA",2,275200,6.78,27,51,22,40,14
02121,"Boston, MA",3,323400,6.78,27,51,22,40,14
02121,"Boston, MA",4,382300,6.78,27,51,22,40,14
02121,"Boston, MA",5,405300,6.78,27,51,22,40,14
02122,"Boston, MA",1,196500,7.69,19,51,22,40,14
02122,"Boston, MA",2,283700,7.69,19,51,22,40,14
02122,"Boston, MA",3,360900,7.69,19,51,22,40,14
02122,"Boston, MA",4,422600,7.69,19,51,22,40,14
02122,"Boston, MA",5,439800,7.69,19,51,22,40,14
02124,"Boston, MA",1,209600,8.289999999999999,22,44,22,40,14
02124,"Boston, MA",2,289000,8.289999999999999,22,44,22,40,14
02124,"Boston, MA",3,353900,8.289999999999999,22,44,22,40,14
02124,"Boston, MA",4,399300,8.289999999999999,22,44,22,40,14
02124,"Boston, MA",5,433900,8.289999999999999,22,44,22,40,14
02125,"Boston, MA",1,245900,4.83,16,41,22,40,14
02125,"Boston, MA",2,339700,4.83,16,41,22,40,14
02125,"Boston, MA",3,373500,4.83,16,41,22,40,14
02125,"Boston, MA",4,439300,4.83,16,41,22,40,14
02125,"Boston, MA",5,480500,4.83,16,41,22,40,14
02126,"Boston, MA",1,,9.710000000000001,27,53,22,40,14
02126,"Boston, MA",2,277100,9.710000000000001,27,53,22,40,14
02126,"Boston, MA",3,312400,9.710000000000001,27,53,22,40,14
02126,"Boston, MA",4,356100,9.710000000000001,27,53,22,40,14
02126,"Boston, MA",5,394400,9.710000000000001,27,53,22,40,14
02127,"Boston, MA",1,366600,3.26,16,35,22,40,14
02127,"Boston, MA",2,490100,3.26,16,35,22,40,14
02127,"Boston, MA",3,592200,3.26,16,35,22,40,14
02127,"Boston, MA",4,686600,3.26,16,35,22,40,14
02127,"Boston, MA",5,717500,3.26,16,35,22,40,14
02128,"Boston, MA",1,245100,3.14,10,32,22,40,14
02128,"Boston, MA",2,301100,3.14,10,32,22,40,14
02128,"Boston, MA",3,357700,3.14,10,32,22,40,14
02128,"Boston, MA",4,385800,3.14,10,32,22,40,14
02128,"Boston, MA",5,,3.14,10,32,22,40,14
02129,"Boston, MA",1,447600,2.79,12,22,22,40,14
02129,"Boston, MA",2,651700,2.79,12,22,22,40,14
02129,"Boston, MA",3,813700,2.79,12,22,22,40,14
02129,"Boston, MA",4,942400,2.79,12,22,22,40,14
02129,"Boston, MA",5,,2.79,12,22,22,40,14
02130,"Boston, MA",1,294700,6.83,26,43,22,40,14
02130,"Boston, MA",2,399100,6.83,26,43,22,40,14
02130,"Boston, MA",3,576100,6.83,26,43,22,40,14
02130,"Boston, MA",4,769300,6.83,26,43,22,40,14
02130,"Boston, MA",5,906700,6.83,26,43,22,40,14
02131,"Boston, MA",1,251600,8.99,33,52,22,40,14
02131,"Boston, MA",2,325400,8.99,33,52,22,40,14
02131,"Boston, MA",3,416700,8.99,33,52,22,40,14
02131,"Boston, MA",4,469300,8.99,33,52,22,40,14
02131,"Boston, MA",5,528300,8.99,33,52,22,40,14
02132,"Boston, MA",1,240200,10.07,37,53,22,40,14
02132,"Boston, MA",2,375000,10.07,37,53,22,40,14
02132,"Boston, MA",3,479300,10.07,37,53,22,40,14
02132,"Boston, MA",4,562300,10.07,37,53,22,40,14
02132,"Boston, MA",5,688600,10.07,37,53,22,40,14
02134,"Boston, MA",1,270200,5.35,14,46,22,40,14
02134,"Boston, MA",2,366500,5.35,14,46,22,40,14
02134,"Boston, MA",3,507500,5.35,14,46,22,40,14
02134,"Boston, MA",4,,5.35,14,46,22,40,14
02134,"Boston, MA",5,,5.35,14,46,22,40,14
02135,"Boston, MA",1,269100,6.84,22,58,22,40,14
02135,"Boston, MA",2,359000,6.84,22,58,22,40,14
02135,"Boston, MA",3,558300,6.84,22,58,22,40,14
02135,"Boston, MA",4,659300,6.84,22,58,22,40,14
02135,"Boston, MA",5,774200,6.84,22,58,22,40,14
02136,"Boston, MA",1,183100,10.92,40,64,22,40,14
02136,"Boston, MA",2,302100,10.92,40,64,22,40,14
02136,"Boston, MA",3,344900,10.92,40,64,22,40,14
02136,"Boston, MA",4,372000,10.92,40,64,22,40,14
02136,"Boston, MA",5,409800,10.92,40,64,22,40,14
02138,"Cambridge, MA",1,418000,6.75,21,46,37,54,32
02138,"Cambridge, MA",2,573100,6.75,21,46,37,54,32
02138,"Cambridge, MA",3,923100,6.75,21,46,37,54,32
02138,"Cambridge, MA",4,1540100,6.75,21,46,37,54,32
02138,"Cambridge, MA",5,2614000,6.75,21,46,37,54,32
02139,"Cambridge, MA",1,409900,4.27,16,33,37,54,32
02139,"Cambridge, MA",2,576000,4.27,16,33,37,54,32
02139,"Cambridge, MA",3,755700,4.27,16,33,37,54,32
02139,"Cambridge, MA",4,930700,4.27,16,33,37,54,32
02139,"Cambridge, MA",5,1056600,4.27,16,33,37,54,32
02140,"Cambridge, MA",1,410700,8.369999999999999,21,50,37,54,32
02140,"Cambridge, MA",2,531100,8.369999999999999,21,50,37,54,32
02140,"Cambridge, MA",3,715200,8.369999999999999,21,50,37,54,32
02140,"Cambridge, MA",4,941200,8.369999999999999,21,50,37,54,32
02140,"Cambridge, MA",5,1388400,8.369999999999999,21,50,37,54,32
02141,"Cambridge, MA",1,493800,1.88,11,24,37,54,32
02141,"Cambridge, MA",2,615900,1.88,11,24,37,54,32
02141,"Cambridge, MA",3,637500,1.88,11,24,37,54,32
02141,"Cambridge, MA",4,,1.88,11,24,37,54,32
02141,"Cambridge, MA",5,,1.88,11,24,37,54,32
02142,"Cambridge, MA",1,568000,2.56,12,33,37,54,32
02142,"Cambridge, MA",2,989400,2.56,12,33,37,54,32
02142,"Cambridge, MA",3,,2.56,12,33,37,54,32
02142,"Cambridge, MA",4,,2.56,12,33,37,54,32
02142,"Cambridge, MA",5,,2.56,12,33,37,54,32
02143,"Somerville, MA",1,363000,4.01,11,37,36,39,29
02143,"Somerville, MA",2,493700,4.01,11,37,36,39,29
02143,"Somerville, MA",3,598300,4.01,11,37,36,39,29
02143,"Somerville, MA",4,660200,4.01,11,37,36,39,29
02143,"Somerville, MA",5,736300,4.01,11,37,36,39,29
02144,"Somerville, MA",1,427000,5.83,18,42,36,39,29
02144,"Somerville, MA",2,516100,5.83,18,42,36,39,29
02144,"Somerville, MA",3,688800,5.83,18,42,36,39,29
02144,"Somerville, MA",4,791700,5.83,18,42,36,39,29
02144,"Somerville, MA",5,843000,5.83,18,42,36,39,29
02145,"Somerville, MA",1,264200,3.36,8,36,36,39,29
02145,"Somerville, MA",2,385000,3.36,8,36,36,39,29
02145,"Somerville, MA",3,475400,3.36,8,36,36,39,29
02145,"Somerville, MA",4,536900,3.36,8,36,36,39,29
02145,"Somerville, MA",5,598600,3.36,8,36,36,39,29
02148,"Malden, MA",1,187800,9.140000000000001,20,49,29,52,21
02148,"Malden, MA",2,282700,9.140000000000001,20,49,29,52,21
02148,"Malden, MA",3,348800,9.140000000000001,20,49,29,52,21
02148,"Malden, MA",4,389000,9.140000000000001,20,49,29,52,21
02148,"Malden, MA",5,427900,9.140000000000001,20,49,29,52,21
02149,"Everett, MA",1,163700,3.98,17,43,19,31,9
02149,"Everett, MA",2,248900,3.98,17,43,19,31,9
02149,"Everett, MA",3,320500,3.98,17,43,19,31,9
02149,"Everett, MA",4,348700,3.98,17,43,19,31,9
02149,"Everett, MA",5,357900,3.98,17,43,19,31,9
02150,"Chelsea, MA",1,202100,4.26,12,30,19,24,18
02150,"Chelsea, MA",2,241900,4.26,12,30,19,24,18
02150,"Chelsea, MA",3,284400,4.26,12,30,19,24,18
02150,"Chelsea, MA",4,301900,4.26,12,30,19,24,18
02150,"Chelsea, MA",5,,4.26,12,30,19,24,18
02151,"Revere, MA",1,199900,6.06,17,34,29,50,29
02151,"Revere, MA",2,280000,6.06,17,34,29,50,29
02151,"Revere, MA",3,323600,6.06,17,34,29,50,29
02151,"Revere, MA",4,353000,6.06,17,34,29,50,29
02151,"Revere, MA",5,392500,6.06,17,34,29,50,29
02152,"Winthrop, MA",1,277300,6.12,22,44,43,58,35
02152,"Winthrop, MA",2,291800,6.12,22,44,43,58,35
02152,"Winthrop, MA",3,389000,6.12,22,44,43,58,35
02152,"Winthrop, MA",4,427300,6.12,22,44,43,58,35
02152,"Winthrop, MA",5,462100,6.12,22,44,43,58,35
02155,"Medford, MA",1,248400,5.47,9,57,47,56,24
02155,"Medford, MA",2,357500,5.47,9,57,47,56,24
02155,"Medford, MA",3,454000,5.47,9,57,47,56,24
02155,"Medford, MA",4,518600,5.47,9,57,47,56,24
02155,"Medford, MA",5,570100,5.47,9,57,47,56,24
02169,"Quincy, MA",1,201900,10.98,26,54,36,46,30
02169,"Quincy, MA",2,275500,10.98,26,54,36,46,30
02169,"Quincy, MA",3,358900,10.98,26,54,36,46,30
02169,"Quincy, MA",4,431100,10.98,26,54,36,46,30
02169,"Quincy, MA",5,550200,10.98,26,54,36,46,30
02170,"Quincy, MA",1,216800,8.609999999999999,24,53,36,46,30
02170,"Quincy, MA",2,320300,8.609999999999999,24,53,36,46,30
02170,"Quincy, MA",3,402700,8.609999999999999,24,53,36,46,30
02170,"Quincy, MA",4,442900,8.609999999999999,24,53,36,46,30
02170,"Quincy, MA",5,,8.609999999999999,24,53,36,46,30
02171,"Quincy, MA",1,219700,8.140000000000001,19,52,36,46,30
02171,"Quincy, MA",2,343800,8.140000000000001,19,52,36,46,30
02171,"Quincy, MA",3,415800,8.140000000000001,19,52,36,46,30
02171,"Quincy, MA",4,483500,8.140000000000001,19,52,36,46,30
02171,"Quincy, MA",5,,8.140000000000001,19,52,36,46,30
02176,"Melrose, MA",1,192900,11.33,22,45,57,56,32
02176,"Melrose, MA",2,354200,11.33,22,45,57,56,32
02176,"Melrose, MA",3,451800,11.33,22,45,57,56,32
02176,"Melrose, MA",4,542700,11.33,22,45,57,56,32
02176,"Melrose, MA",5,582900,11.33,22,45,57,56,32
02180,"Stoneham, MA",1,191300,9.15,15,61,59,54,32
02180,"Stoneham, MA",2,273300,9.15,15,61,59,54,32
02180,"Stoneham, MA",3,438600,9.15,15,61,59,54,32
02180,"Stoneham, MA",4,540900,9.15,15,61,59,54,32
02180,"Stoneham, MA",5,562000,9.15,15,61,59,54,32
02184,"Braintree, MA",1,221100,14.06,31,78,56,68,44
02184,"Braintree, MA",2,292300,14.06,31,78,56,68,44
02184,"Braintree, MA",3,374400,14.06,31,78,56,68,44
02184,"Braintree, MA",4,467800,14.06,31,78,56,68,44
02184,"Braintree, MA",5,532200,14.06,31,78,56,68,44
02186,"Milton, MA",1,,12.48,34,92,54,71,50
02186,"Milton, MA",2,416200,12.48,34,92,54,71,50
02186,"Milton, MA",3,492100,12.48,34,92,54,71,50
02186,"Milton, MA",4,584300,12.48,34,92,54,71,50
02186,"Milton, MA",5,920600,12.48,34,92,54,71,50
02188,"Weymouth, MA",1,147700,16.43,30,80,33,44,36
02188,"Weymouth, MA",2,284700,16.43,30,80,33,44,36
02188,"Weymouth, MA",3,309900,16.43,30,80,33,44,36
02188,"Weymouth, MA",4,374100,16.43,30,80,33,44,36
02188,"Weymouth, MA",5,,16.43,30,80,33,44,36
02189,"Weymouth, MA",1,164400,17.96,36,78,33,44,36
02189,"Weymouth, MA",2,243800,17.96,36,78,33,44,36
02189,"Weymouth, MA",3,312700,17.96,36,78,33,44,36
02189,"Weymouth, MA",4,371000,17.96,36,78,33,44,36
02189,"Weymouth, MA",5,,17.96,36,78,33,44,36
02190,"Weymouth, MA",1,146600,18.2,35,97,33,44,36
02190,"Weymouth, MA",2,252400,18.2,35,97,33,44,36
02190,"Weymouth, MA",3,323700,18.2,35,97,33,44,36
02190,"Weymouth, MA",4,409500,18.2,35,97,33,44,36
02190,"Weymouth, MA",5,,18.2,35,97,33,44,36
02191,"Weymouth, MA",1,189300,13.06,39,62,33,44,36
02191,"Weymouth, MA",2,275100,13.06,39,62,33,44,36
02191,"Weymouth, MA",3,314300,13.06,39,62,33,44,36
02191,"Weymouth, MA",4,354500,13.06,39,62,33,44,36
02191,"Weymouth, MA",5,,13.06,39,62,33,44,36
02199,"Boston, MA",1,,3.27,10,25,22,40,14
02199,"Boston, MA",2,,3.27,10,25,22,40,14
02199,"Boston, MA",3,,3.27,10,25,22,40,14
02199,"Boston, MA",4,,3.27,10,25,22,40,14
02199,"Boston, MA",5,,3.27,10,25,22,40,14
02210,"Boston, MA",1,660300,2.29,12,34,22,40,14
02210,"Boston, MA",2,1253100,2.29,12,34,22,40,14
02210,"Boston, MA",3,,2.29,12,34,22,40,14
02210,"Boston, MA",4,,2.29,12,34,22,40,14
02210,"Boston, MA",5,,2.29,12,34,22,40,14
02215,"Boston, MA",1,393300,3.53,14,37,22,40,14
02215,"Boston, MA",2,690300,3.53,14,37,22,40,14
02215,"Boston, MA",3,,3.53,14,37,22,40,14
02215,"Boston, MA",4,,3.53,14,37,22,40,14
02215,"Boston, MA",5,,3.53,14,37,22,40,14
02301,"Brockton, MA",1,101100,24.04,39,113,29,37,13
02301,"Brockton, MA",2,173100,24.04,39,113,29,37,13
02301,"Brockton, MA",3,230900,24.04,39,113,29,37,13
02301,"Brockton, MA",4,263300,24.04,39,113,29,37,13
02301,"Brockton, MA",5,301700,24.04,39,113,29,37,13
02302,"Brockton, MA",1,116400,25.63,48,112,29,37,13
02302,"Brockton, MA",2,176000,25.63,48,112,29,37,13
02302,"Brockton, MA",3,207000,25.63,48,112,29,37,13
02302,"Brockton, MA",4,232200,25.63,48,112,29,37,13
02302,"Brockton, MA",5,270900,25.63,48,112,29,37,13
02303,"Brockton, MA",1,,24.99,46,76,29,37,13
02303,"Brockton, MA",2,,24.99,46,76,29,37,13
02303,"Brockton, MA",3,,24.99,46,76,29,37,13
02303,"Brockton, MA",4,,24.99,46,76,29,37,13
02303,"Brockton, MA",5,,24.99,46,76,29,37,13
02322,"Avon, MA",1,,21.12,34,98,47,39,17
02322,"Avon, MA",2,253200,21.12,34,98,47,39,17
02322,"Avon, MA",3,279400,21.12,34,98,47,39,17
02322,"Avon, MA",4,320200,21.12,34,98,47,39,17
02322,"Avon, MA",5,,21.12,34,98,47,39,17
02324," Bridgewater, MA",1,88700,34.75,61,87,38,58,30
02324," Bridgewater, MA",2,215200,34.75,61,87,38,58,30
02324," Bridgewater, MA",3,299700,34.75,61,87,38,58,30
02324," Bridgewater, MA",4,392300,34.75,61,87,38,58,30
02324," Bridgewater, MA",5,381600,34.75,61,87,38,58,30
02330,"Carver, MA",1,,49.49,65,144,46,55,8
02330,"Carver, MA",2,239600,49.49,65,144,46,55,8
02330,"Carver, MA",3,271700,49.49,65,144,46,55,8
02330,"Carver, MA",4,323300,49.49,65,144,46,55,8
02330,"Carver, MA",5,,49.49,65,144,46,55,8
02332," Duxbury, MA",1,,32.58,47,206,71,86,57
02332," Duxbury, MA",2,377400,32.58,47,206,71,86,57
02332," Duxbury, MA",3,454100,32.58,47,206,71,86,57
02332," Duxbury, MA",4,615300,32.58,47,206,71,86,57
02332," Duxbury, MA",5,1056900,32.58,47,206,71,86,57
02333,"East Bridgewater, MA",1,,28.57,62,203,55,60,16
02333,"East Bridgewater, MA",2,236900,28.57,62,203,55,60,16
02333,"East Bridgewater, MA",3,308800,28.57,62,203,55,60,16
02333,"East Bridgewater, MA",4,374900,28.57,62,203,55,60,16
02333,"East Bridgewater, MA",5,,28.57,62,203,55,60,16
02338,"Halifax, MA",1,,38.5,65,78,,,
02338,"Halifax, MA",2,188500,38.5,65,78,,,
02338,"Halifax, MA",3,296100,38.5,65,78,,,
02338,"Halifax, MA",4,371900,38.5,65,78,,,
02338,"Halifax, MA",5,,38.5,65,78,,,
02339,"Hanover, MA",1,,26.11,44,68,49,53,34
02339,"Hanover, MA",2,344500,26.11,44,68,49,53,34
02339,"Hanover, MA",3,369100,26.11,44,68,49,53,34
02339,"Hanover, MA",4,525800,26.11,44,68,49,53,34
02339,"Hanover, MA",5,618300,26.11,44,68,49,53,34
02341," Hanson, MA",1,,30.64,56,74,39,55,36
02341," Hanson, MA",2,,30.64,56,74,39,55,36
02341," Hanson, MA",3,316600,30.64,56,74,39,55,36
02341," Hanson, MA",4,370200,30.64,56,74,39,55,36
02341," Hanson, MA",5,,30.64,56,74,39,55,36
02343,"Holbrook, MA",1,,18.3,42,77,20,35,16
02343,"Holbrook, MA",2,230100,18.3,42,77,20,35,16
02343,"Holbrook, MA",3,262500,18.3,42,77,20,35,16
02343,"Holbrook, MA",4,317900,18.3,42,77,20,35,16
02343,"Holbrook, MA",5,358900,18.3,42,77,20,35,16
02346,"Middleborough, MA",1,217100,43.03,60,119,40,44,26
02346,"Middleborough, MA",2,228900,43.03,60,119,40,44,26
02346,"Middleborough, MA",3,286200,43.03,60,119,40,44,26
02346,"Middleborough, MA",4,342300,43.03,60,119,40,44,26
02346,"Middleborough, MA",5,372300,43.03,60,119,40,44,26
02347,"Lakeville, MA",1,192800,43.48,60,97,45,55,32
02347,"Lakeville, MA",2,225400,43.48,60,97,45,55,32
02347,"Lakeville, MA",3,322300,43.48,60,97,45,55,32
02347,"Lakeville, MA",4,407700,43.48,60,97,45,55,32
02347,"Lakeville, MA",5,,43.48,60,97,45,55,32
02350,"Halifax, MA",1,,32.43,59,130,,,
02350,"Halifax, MA",2,,32.43,59,130,,,
02350,"Halifax, MA",3,,32.43,59,130,,,
02350,"Halifax, MA",4,,32.43,59,130,,,
02350,"Halifax, MA",5,,32.43,59,130,,,
02351,"Abington, MA",1,,21.89,49,221,40,53,34
02351,"Abington, MA",2,247200,21.89,49,221,40,53,34
02351,"Abington, MA",3,300300,21.89,49,221,40,53,34
02351,"Abington, MA",4,359600,21.89,49,221,40,53,34
02351,"Abington, MA",5,399300,21.89,49,221,40,53,34
02359,"Pembroke, MA",1,,32.22,53,86,42,56,35
02359,"Pembroke, MA",2,255600,32.22,53,86,42,56,35
02359,"Pembroke, MA",3,325300,32.22,53,86,42,56,35
02359,"Pembroke, MA",4,444600,32.22,53,86,42,56,35
02359,"Pembroke, MA",5,,32.22,53,86,42,56,35
02360," Plymouth, MA",1,205000,46.51,70,92,41,51,28
02360," Plymouth, MA",2,252500,46.51,70,92,41,51,28
02360," Plymouth, MA",3,306900,46.51,70,92,41,51,28
02360," Plymouth, MA",4,369300,46.51,70,92,41,51,28
02360," Plymouth, MA",5,456700,46.51,70,92,41,51,28
02364," Kingston, MA",1,,38.72,58,114,,,
02364," Kingston, MA",2,265500,38.72,58,114,,,
02364," Kingston, MA",3,325600,38.72,58,114,,,
02364," Kingston, MA",4,418700,38.72,58,114,,,
02364," Kingston, MA",5,479900,38.72,58,114,,,
02367,"Plympton, MA",1,,43.21,64,87,,,
02367,"Plympton, MA",2,298100,43.21,64,87,,,
02367,"Plympton, MA",3,340800,43.21,64,87,,,
02367,"Plympton, MA",4,398300,43.21,64,87,,,
02367,"Plympton, MA",5,,43.21,64,87,,,
02368,"Randolph, MA",1,142700,16.74,35,78,27,39,17
02368,"Randolph, MA",2,225500,16.74,35,78,27,39,17
02368,"Randolph, MA",3,261300,16.74,35,78,27,39,17
02368,"Randolph, MA",4,312400,16.74,35,78,27,39,17
02368,"Randolph, MA",5,328800,16.74,35,78,27,39,17
02370,"Rockland, MA",1,,22.94,42,221,29,44,14
02370,"Rockland, MA",2,236300,22.94,42,221,29,44,14
02370,"Rockland, MA",3,259400,22.94,42,221,29,44,14
02370,"Rockland, MA",4,350800,22.94,42,221,29,44,14
02370,"Rockland, MA",5,,22.94,42,221,29,44,14
02379,"West Bridgewater, MA",1,,29.68,45,125,56,55,37
02379,"West Bridgewater, MA",2,256600,29.68,45,125,56,55,37
02379,"West Bridgewater, MA",3,297900,29.68,45,125,56,55,37
02379,"West Bridgewater, MA",4,340500,29.68,45,125,56,55,37
02379,"West Bridgewater, MA",5,,29.68,45,125,56,55,37
02382,"Whitman, MA",1,,24.42,51,80,39,55,36
02382,"Whitman, MA",2,241100,24.42,51,80,39,55,36
02382,"Whitman, MA",3,277500,24.42,51,80,39,55,36
02382,"Whitman, MA",4,313900,24.42,51,80,39,55,36
02382,"Whitman, MA",5,,24.42,51,80,39,55,36
02420,"Lexington, MA",1,,18.5,27,90,80,90,68
02420,"Lexington, MA",2,515600,18.5,27,90,80,90,68
02420,"Lexington, MA",3,701800,18.5,27,90,80,90,68
02420,"Lexington, MA",4,973700,18.5,27,90,80,90,68
02420,"Lexington, MA",5,1398200,18.5,27,90,80,90,68
02421,"Lexington, MA",1,,14.63,33,91,80,90,68
02421,"Lexington, MA",2,609100,14.63,33,91,80,90,68
02421,"Lexington, MA",3,715800,14.63,33,91,80,90,68
02421,"Lexington, MA",4,950000,14.63,33,91,80,90,68
02421,"Lexington, MA",5,1321500,14.63,33,91,80,90,68
02445,"Brookline, MA",1,403900,6.41,30,49,66,78,54
02445,"Brookline, MA",2,571200,6.41,30,49,66,78,54
02445,"Brookline, MA",3,802000,6.41,30,49,66,78,54
02445,"Brookline, MA",4,1281800,6.41,30,49,66,78,54
02445,"Brookline, MA",5,1996200,6.41,30,49,66,78,54
02446,"Brookline, MA",1,431200,5.17,19,42,66,78,54
02446,"Brookline, MA",2,605500,5.17,19,42,66,78,54
02446,"Brookline, MA",3,876700,5.17,19,42,66,78,54
02446,"Brookline, MA",4,1184800,5.17,19,42,66,78,54
02446,"Brookline, MA",5,1684300,5.17,19,42,66,78,54
02451,"Waltham, MA",1,247200,16.22,32,74,44,53,32
02451,"Waltham, MA",2,376900,16.22,32,74,44,53,32
02451,"Waltham, MA",3,433300,16.22,32,74,44,53,32
02451,"Waltham, MA",4,521400,16.22,32,74,44,53,32
02451,"Waltham, MA",5,538400,16.22,32,74,44,53,32
02452,"Waltham, MA",1,221800,15.18,34,81,44,53,32
02452,"Waltham, MA",2,456600,15.18,34,81,44,53,32
02452,"Waltham, MA",3,491600,15.18,34,81,44,53,32
02452,"Waltham, MA",4,614100,15.18,34,81,44,53,32
02452,"Waltham, MA",5,,15.18,34,81,44,53,32
02453,"Waltham, MA",1,230400,12.77,30,43,44,53,32
02453,"Waltham, MA",2,401800,12.77,30,43,44,53,32
02453,"Waltham, MA",3,468400,12.77,30,43,44,53,32
02453,"Waltham, MA",4,506600,12.77,30,43,44,53,32
02453,"Waltham, MA",5,527200,12.77,30,43,44,53,32
02454,"Waltham, MA",1,,13.27,34,88,44,53,32
02454,"Waltham, MA",2,,13.27,34,88,44,53,32
02454,"Waltham, MA",3,,13.27,34,88,44,53,32
02454,"Waltham, MA",4,,13.27,34,88,44,53,32
02454,"Waltham, MA",5,,13.27,34,88,44,53,32
02458,"Newton, MA",1,,8.75,21,49,64,81,56
02458,"Newton, MA",2,483400,8.75,21,49,64,81,56
02458,"Newton, MA",3,722100,8.75,21,49,64,81,56
02458,"Newton, MA",4,981200,8.75,21,49,64,81,56
02458,"Newton, MA",5,1354000,8.75,21,49,64,81,56
02459,"Newton, MA",1,362000,11.6,32,74,64,81,56
02459,"Newton, MA",2,622000,11.6,32,74,64,81,56
02459,"Newton, MA",3,844800,11.6,32,74,64,81,56
02459,"Newton, MA",4,1039200,11.6,32,74,64,81,56
02459,"Newton, MA",5,1327100,11.6,32,74,64,81,56
02460,"Newton, MA",1,,9.59,24,52,64,81,56
02460,"Newton, MA",2,520700,9.59,24,52,64,81,56
02460,"Newton, MA",3,698900,9.59,24,52,64,81,56
02460,"Newton, MA",4,873700,9.59,24,52,64,81,56
02460,"Newton, MA",5,1100000,9.59,24,52,64,81,56
02461,"Newton, MA",1,,11.52,31,68,64,81,56
02461,"Newton, MA",2,605600,11.52,31,68,64,81,56
02461,"Newton, MA",3,742000,11.52,31,68,64,81,56
02461,"Newton, MA",4,917700,11.52,31,68,64,81,56
02461,"Newton, MA",5,1128500,11.52,31,68,64,81,56
02462,"Newton, MA",1,,14.2,27,73,64,81,56
02462,"Newton, MA",2,,14.2,27,73,64,81,56
02462,"Newton, MA",3,683200,14.2,27,73,64,81,56
02462,"Newton, MA",4,865500,14.2,27,73,64,81,56
02462,"Newton, MA",5,,14.2,27,73,64,81,56
02464,"Newton, MA",1,,16.64,31,72,64,81,56
02464,"Newton, MA",2,429100,16.64,31,72,64,81,56
02464,"Newton, MA",3,593800,16.64,31,72,64,81,56
02464,"Newton, MA",4,,16.64,31,72,64,81,56
02464,"Newton, MA",5,,16.64,31,72,64,81,56
02465,"Newton, MA",1,,11.15,23,61,64,81,56
02465,"Newton, MA",2,520000,11.15,23,61,64,81,56
02465,"Newton, MA",3,651500,11.15,23,61,64,81,56
02465,"Newton, MA",4,849600,11.15,23,61,64,81,56
02465,"Newton, MA",5,1858300,11.15,23,61,64,81,56
02466,"Newton, MA",1,,11.67,24,62,64,81,56
02466,"Newton, MA",2,545300,11.67,24,62,64,81,56
02466,"Newton, MA",3,699600,11.67,24,62,64,81,56
02466,"Newton, MA",4,853900,11.67,24,62,64,81,56
02466,"Newton, MA",5,1064700,11.67,24,62,64,81,56
02467,"Newton, MA",1,386200,8.289999999999999,34,65,64,81,56
02467,"Newton, MA",2,611500,8.289999999999999,34,65,64,81,56
02467,"Newton, MA",3,824700,8.289999999999999,34,65,64,81,56
02467,"Newton, MA",4,1206900,8.289999999999999,34,65,64,81,56
02467,"Newton, MA",5,2162800,8.289999999999999,34,65,64,81,56
02468,"Newton, MA",1,,13.08,30,66,64,81,56
02468,"Newton, MA",2,,13.08,30,66,64,81,56
02468,"Newton, MA",3,924200,13.08,30,66,64,81,56
02468,"Newton, MA",4,1187200,13.08,30,66,64,81,56
02468,"Newton, MA",5,1473300,13.08,30,66,64,81,56
02472,"Watertown, MA",1,299600,9.92,28,46,43,63,26
02472,"Watertown, MA",2,393800,9.92,28,46,43,63,26
02472,"Watertown, MA",3,514700,9.92,28,46,43,63,26
02472,"Watertown, MA",4,595100,9.92,28,46,43,63,26
02472,"Watertown, MA",5,716300,9.92,28,46,43,63,26
02474,"Arlington, MA",1,248400,8.18,22,64,72,78,48
02474,"Arlington, MA",2,463700,8.18,22,64,72,78,48
02474,"Arlington, MA",3,585200,8.18,22,64,72,78,48
02474,"Arlington, MA",4,677200,8.18,22,64,72,78,48
02474,"Arlington, MA",5,716900,8.18,22,64,72,78,48
02476,"Arlington, MA",1,245000,9.1,28,221,72,78,48
02476,"Arlington, MA",2,447800,9.1,28,221,72,78,48
02476,"Arlington, MA",3,613300,9.1,28,221,72,78,48
02476,"Arlington, MA",4,709600,9.1,28,221,72,78,48
02476,"Arlington, MA",5,843100,9.1,28,221,72,78,48
02478,"Belmont, MA",1,,10.1,30,63,73,80,64
02478,"Belmont, MA",2,498800,10.1,30,63,73,80,64
02478,"Belmont, MA",3,771100,10.1,30,63,73,80,64
02478,"Belmont, MA",4,910200,10.1,30,63,73,80,64
02478,"Belmont, MA",5,1186700,10.1,30,63,73,80,64
02481,"Wellesley, MA",1,,15.3,32,67,66,84,45
02481,"Wellesley, MA",2,683400,15.3,32,67,66,84,45
02481,"Wellesley, MA",3,824600,15.3,32,67,66,84,45
02481,"Wellesley, MA",4,1210000,15.3,32,67,66,84,45
02481,"Wellesley, MA",5,1839300,15.3,32,67,66,84,45
02482,"Wellesley, MA",1,,17.15,41,75,66,84,45
02482,"Wellesley, MA",2,648300,17.15,41,75,66,84,45
02482,"Wellesley, MA",3,789900,17.15,41,75,66,84,45
02482,"Wellesley, MA",4,1149700,17.15,41,75,66,84,45
02482,"Wellesley, MA",5,1528100,17.15,41,75,66,84,45
02492,"Needham, MA",1,,19.62,42,93,68,77,49
02492,"Needham, MA",2,570500,19.62,42,93,68,77,49
02492,"Needham, MA",3,672600,19.62,42,93,68,77,49
02492,"Needham, MA",4,839300,19.62,42,93,68,77,49
02492,"Needham, MA",5,1245600,19.62,42,93,68,77,49
02493,"Weston, MA",1,,15.26,31,48,64,74,35
02493,"Weston, MA",2,692400,15.26,31,48,64,74,35
02493,"Weston, MA",3,943100,15.26,31,48,64,74,35
02493,"Weston, MA",4,1380000,15.26,31,48,64,74,35
02493,"Weston, MA",5,2053500,15.26,31,48,64,74,35
02494,"Needham, MA",1,,17.64,32,75,68,77,49
02494,"Needham, MA",2,530200,17.64,32,75,68,77,49
02494,"Needham, MA",3,652500,17.64,32,75,68,77,49
02494,"Needham, MA",4,807500,17.64,32,75,68,77,49
02494,"Needham, MA",5,994800,17.64,32,75,68,77,49
02538,"White Island Shores, MA",1,,57.71,72,200,,,
02538,"White Island Shores, MA",2,194700,57.71,72,200,,,
02538,"White Island Shores, MA",3,233600,57.71,72,200,,,
02538,"White Island Shores, MA",4,260400,57.71,72,200,,,
02538,"White Island Shores, MA",5,,57.71,72,200,,,
02571,"Wareham, MA",1,181300,53.88,65,185,32,32,15
02571,"Wareham, MA",2,206100,53.88,65,185,32,32,15
02571,"Wareham, MA",3,252500,53.88,65,185,32,32,15
02571,"Wareham, MA",4,302500,53.88,65,185,32,32,15
02571,"Wareham, MA",5,404600,53.88,65,185,32,32,15
02576,"Wareham, MA",1,,52.73,69,172,32,32,15
02576,"Wareham, MA",2,218000,52.73,69,172,32,32,15
02576,"Wareham, MA",3,271000,52.73,69,172,32,32,15
02576,"Wareham, MA",4,322500,52.73,69,172,32,32,15
02576,"Wareham, MA",5,,52.73,69,172,32,32,15
02738,"Marion, MA",1,,58.79,72,158,,,
02738,"Marion, MA",2,293900,58.79,72,158,,,
02738,"Marion, MA",3,379000,58.79,72,158,,,
02738,"Marion, MA",4,556900,58.79,72,158,,,
02738,"Marion, MA",5,945400,58.79,72,158,,,
02739,"Mattapoisett, MA",1,,62.44,75,188,,,
02739,"Mattapoisett, MA",2,334300,62.44,75,188,,,
02739,"Mattapoisett, MA",3,408300,62.44,75,188,,,
02739,"Mattapoisett, MA",4,490500,62.44,75,188,,,
02739,"Mattapoisett, MA",5,802200,62.44,75,188,,,
02762,"Plainville, MA",1,,40.15,57,155,,,
02762,"Plainville, MA",2,252900,40.15,57,155,,,
02762,"Plainville, MA",3,310700,40.15,57,155,,,
02762,"Plainville, MA",4,429200,40.15,57,155,,,
02762,"Plainville, MA",5,,40.15,57,155,,,
02770,"Rochester, MA",1,,52.74,69,147,46,55,36
02770,"Rochester, MA",2,307400,52.74,69,147,46,55,36
02770,"Rochester, MA",3,351200,52.74,69,147,46,55,36
02770,"Rochester, MA",4,413700,52.74,69,147,46,55,36
02770,"Rochester, MA",5,,52.74,69,147,46,55,36
